,,,,,, skip in j dimension date_time
date_time, power_delivered, train: ,0.0005165289256198347, test: ,0.0
date_time, energy_delivered, train: ,0.0010330578512396695, test: ,0.0
date_time, cumulative_energy, train: ,0.0005165289256198347, test: ,0.0
,,,,,, skip in j dimension weather_description
date_time, clouds_all, train: ,0.0010330578512396695, test: ,0.0
date_time, temp_f, train: ,0.0005165289256198347, test: ,0.0
date_time, pressure, train: ,0.0005165289256198347, test: ,0.0
date_time, humidity, train: ,0.0005165289256198347, test: ,0.0
date_time, wind_speed, train: ,0.0010330578512396695, test: ,0.0
date_time, wind_deg, train: ,0.0010330578512396695, test: ,0.0
date_time, rain_1h, train: ,0.0010330578512396695, test: ,0.0
date_time, snow_1h, train: ,0.0005165289256198347, test: ,0.0
,,,,,, skip in j dimension weather_main
date_time, hour, train: ,0.0010330578512396695, test: ,0.0
date_time, day_of_year, train: ,0.0005165289256198347, test: ,0.0
date_time, month, train: ,0.0005165289256198347, test: ,0.0
date_time, sin_day, train: ,0.0010330578512396695, test: ,0.0
date_time, cos_day, train: ,0.0010330578512396695, test: ,0.0
date_time, sin_hour, train: ,0.0015495867768595042, test: ,0.0
date_time, cos_hour, train: ,0.0015495867768595042, test: ,0.0
date_time, sin_month, train: ,0.0015495867768595042, test: ,0.0
date_time, cos_month, train: ,0.0010330578512396695, test: ,0.0
,,,,,, skip in j dimension date_time
power_delivered, power_delivered, train: ,0.359504132231405, test: ,0.32972136222910214
power_delivered, energy_delivered, train: ,0.36105371900826444, test: ,0.32972136222910214
power_delivered, cumulative_energy, train: ,0.3584710743801653, test: ,0.32972136222910214
,,,,,, skip in j dimension weather_description
power_delivered, clouds_all, train: ,0.3584710743801653, test: ,0.32972136222910214
power_delivered, temp_f, train: ,0.3584710743801653, test: ,0.32972136222910214
power_delivered, pressure, train: ,0.3584710743801653, test: ,0.32972136222910214
power_delivered, humidity, train: ,0.3584710743801653, test: ,0.32972136222910214
power_delivered, wind_speed, train: ,0.3584710743801653, test: ,0.32972136222910214
power_delivered, wind_deg, train: ,0.3584710743801653, test: ,0.32972136222910214
power_delivered, rain_1h, train: ,0.3584710743801653, test: ,0.32972136222910214
power_delivered, snow_1h, train: ,0.3584710743801653, test: ,0.32972136222910214
,,,,,, skip in j dimension weather_main
power_delivered, hour, train: ,0.3584710743801653, test: ,0.32972136222910214
power_delivered, day_of_year, train: ,0.3584710743801653, test: ,0.32972136222910214
power_delivered, month, train: ,0.3584710743801653, test: ,0.32972136222910214
power_delivered, sin_day, train: ,0.3584710743801653, test: ,0.32972136222910214
power_delivered, cos_day, train: ,0.3584710743801653, test: ,0.32972136222910214
power_delivered, sin_hour, train: ,0.3584710743801653, test: ,0.32972136222910214
power_delivered, cos_hour, train: ,0.359504132231405, test: ,0.32972136222910214
power_delivered, sin_month, train: ,0.3584710743801653, test: ,0.32972136222910214
power_delivered, cos_month, train: ,0.3584710743801653, test: ,0.32972136222910214
,,,,,, skip in j dimension date_time
energy_delivered, power_delivered, train: ,0.359504132231405, test: ,0.32972136222910214
energy_delivered, energy_delivered, train: ,0.36105371900826444, test: ,0.32972136222910214
energy_delivered, cumulative_energy, train: ,0.3584710743801653, test: ,0.32972136222910214
,,,,,, skip in j dimension weather_description
energy_delivered, clouds_all, train: ,0.3584710743801653, test: ,0.32972136222910214
energy_delivered, temp_f, train: ,0.3584710743801653, test: ,0.32972136222910214
energy_delivered, pressure, train: ,0.3584710743801653, test: ,0.32972136222910214
energy_delivered, humidity, train: ,0.3584710743801653, test: ,0.32972136222910214
energy_delivered, wind_speed, train: ,0.3584710743801653, test: ,0.32972136222910214
energy_delivered, wind_deg, train: ,0.3584710743801653, test: ,0.32972136222910214
energy_delivered, rain_1h, train: ,0.3584710743801653, test: ,0.32972136222910214
energy_delivered, snow_1h, train: ,0.3584710743801653, test: ,0.32972136222910214
,,,,,, skip in j dimension weather_main
energy_delivered, hour, train: ,0.3584710743801653, test: ,0.32972136222910214
energy_delivered, day_of_year, train: ,0.3584710743801653, test: ,0.32972136222910214
energy_delivered, month, train: ,0.3584710743801653, test: ,0.32972136222910214
energy_delivered, sin_day, train: ,0.3584710743801653, test: ,0.32972136222910214
energy_delivered, cos_day, train: ,0.3584710743801653, test: ,0.32972136222910214
energy_delivered, sin_hour, train: ,0.3584710743801653, test: ,0.32972136222910214
energy_delivered, cos_hour, train: ,0.359504132231405, test: ,0.32972136222910214
energy_delivered, sin_month, train: ,0.3584710743801653, test: ,0.32972136222910214
energy_delivered, cos_month, train: ,0.3584710743801653, test: ,0.32972136222910214
,,,,,, skip in j dimension date_time
cumulative_energy, power_delivered, train: ,0.005165289256198347, test: ,0.0
cumulative_energy, energy_delivered, train: ,0.005165289256198347, test: ,0.0
cumulative_energy, cumulative_energy, train: ,0.005165289256198347, test: ,0.0
,,,,,, skip in j dimension weather_description
cumulative_energy, clouds_all, train: ,0.01084710743801653, test: ,0.0046439628482972135
cumulative_energy, temp_f, train: ,0.013946280991735538, test: ,0.0030959752321981426
cumulative_energy, pressure, train: ,0.006198347107438017, test: ,0.0015479876160990713
cumulative_energy, humidity, train: ,0.00981404958677686, test: ,0.0015479876160990713
cumulative_energy, wind_speed, train: ,0.014979338842975207, test: ,0.0046439628482972135
cumulative_energy, wind_deg, train: ,0.01084710743801653, test: ,0.0030959752321981426
cumulative_energy, rain_1h, train: ,0.01084710743801653, test: ,0.0
cumulative_energy, snow_1h, train: ,0.006198347107438017, test: ,0.0015479876160990713
,,,,,, skip in j dimension weather_main
cumulative_energy, hour, train: ,0.005681818181818182, test: ,0.0030959752321981426
cumulative_energy, day_of_year, train: ,0.011363636363636364, test: ,0.0015479876160990713
cumulative_energy, month, train: ,0.01084710743801653, test: ,0.0030959752321981426
cumulative_energy, sin_day, train: ,0.01084710743801653, test: ,0.0030959752321981426
cumulative_energy, cos_day, train: ,0.016012396694214875, test: ,0.0015479876160990713
cumulative_energy, sin_hour, train: ,0.006198347107438017, test: ,0.0015479876160990713
cumulative_energy, cos_hour, train: ,0.006714876033057851, test: ,0.0015479876160990713
cumulative_energy, sin_month, train: ,0.01084710743801653, test: ,0.0030959752321981426
cumulative_energy, cos_month, train: ,0.011363636363636364, test: ,0.0015479876160990713
,,,,,, skip in j dimension date_time
weather_description, power_delivered, train: ,0.21797520661157024, test: ,0.2089783281733746
weather_description, energy_delivered, train: ,0.2143595041322314, test: ,0.19659442724458204
weather_description, cumulative_energy, train: ,0.10537190082644628, test: ,0.08513931888544891
,,,,,, skip in j dimension weather_description
weather_description, clouds_all, train: ,0.45609504132231404, test: ,0.4179566563467492
weather_description, temp_f, train: ,0.24793388429752067, test: ,0.24148606811145512
weather_description, pressure, train: ,0.20041322314049587, test: ,0.19040247678018576
weather_description, humidity, train: ,0.2350206611570248, test: ,0.23219814241486067
weather_description, wind_speed, train: ,0.20867768595041322, test: ,0.20743034055727555
weather_description, wind_deg, train: ,0.21022727272727273, test: ,0.19659442724458204
weather_description, rain_1h, train: ,0.32334710743801653, test: ,0.3142414860681115
weather_description, snow_1h, train: ,0.20041322314049587, test: ,0.19040247678018576
,,,,,, skip in j dimension weather_main
weather_description, hour, train: ,0.1740702479338843, test: ,0.16253869969040247
weather_description, day_of_year, train: ,0.3135330578512397, test: ,0.2693498452012384
weather_description, month, train: ,0.2980371900826446, test: ,0.26625386996904027
weather_description, sin_day, train: ,0.3114669421487603, test: ,0.26006191950464397
weather_description, cos_day, train: ,0.2365702479338843, test: ,0.22136222910216719
weather_description, sin_hour, train: ,0.21177685950413222, test: ,0.21207430340557276
weather_description, cos_hour, train: ,0.22004132231404958, test: ,0.21517027863777088
weather_description, sin_month, train: ,0.2980371900826446, test: ,0.26625386996904027
weather_description, cos_month, train: ,0.20041322314049587, test: ,0.19040247678018576
,,,,,, skip in j dimension date_time

clouds_all, power_delivered, train: ,0.375, test: ,0.33436532507739936
clouds_all, energy_delivered, train: ,0.3744834710743802, test: ,0.33591331269349844
clouds_all, cumulative_energy, train: ,0.36518595041322316, test: ,0.3328173374613003
,,,,,, skip in j dimension weather_description
clouds_all, clouds_all, train: ,0.9028925619834711, test: ,0.8947368421052632
clouds_all, temp_f, train: ,0.38791322314049587, test: ,0.3606811145510836
clouds_all, pressure, train: ,0.36518595041322316, test: ,0.3328173374613003
clouds_all, humidity, train: ,0.35537190082644626, test: ,0.34210526315789475
clouds_all, wind_speed, train: ,0.41632231404958675, test: ,0.4411764705882353
clouds_all, wind_deg, train: ,0.37861570247933884, test: ,0.34674922600619196
clouds_all, rain_1h, train: ,0.4628099173553719, test: ,0.4582043343653251
clouds_all, snow_1h, train: ,0.36518595041322316, test: ,0.3328173374613003
,,,,,, skip in j dimension weather_main
clouds_all, hour, train: ,0.32541322314049587, test: ,0.28792569659442724
clouds_all, day_of_year, train: ,0.36518595041322316, test: ,0.3328173374613003
clouds_all, month, train: ,0.36518595041322316, test: ,0.3328173374613003
clouds_all, sin_day, train: ,0.36518595041322316, test: ,0.3328173374613003
clouds_all, cos_day, train: ,0.36518595041322316, test: ,0.3328173374613003
clouds_all, sin_hour, train: ,0.3672520661157025, test: ,0.34210526315789475
clouds_all, cos_hour, train: ,0.37138429752066116, test: ,0.3498452012383901
clouds_all, sin_month, train: ,0.36518595041322316, test: ,0.3328173374613003
clouds_all, cos_month, train: ,0.36518595041322316, test: ,0.3328173374613003
,,,,,, skip in j dimension date_time
,,,,,, skip in j dimension power_delivered
,,,,,, skip in j dimension energy_delivered
,,,,,, skip in j dimension cumulative_energy
,,,,,, skip in j dimension weather_description
,,,,,, skip in j dimension clouds_all
,,,,,, skip in j dimension temp_f
,,,,,, skip in j dimension pressure
,,,,,, skip in j dimension humidity
,,,,,, skip in j dimension wind_speed
,,,,,, skip in j dimension wind_deg
,,,,,, skip in j dimension rain_1h
,,,,,, skip in j dimension snow_1h
,,,,,, skip in j dimension weather_main
,,,,,, skip in j dimension hour
,,,,,, skip in j dimension day_of_year
,,,,,, skip in j dimension month
,,,,,, skip in j dimension sin_day
,,,,,, skip in j dimension cos_day
,,,,,, skip in j dimension sin_hour
,,,,,, skip in j dimension cos_hour
,,,,,, skip in j dimension sin_month
,,,,,, skip in j dimension cos_month
,,,,,, skip in j dimension date_time
pressure, power_delivered, train: ,0.08161157024793389, test: ,0.06811145510835913
pressure, energy_delivered, train: ,0.08884297520661157, test: ,0.07275541795665634
pressure, cumulative_energy, train: ,0.07954545454545454, test: ,0.07430340557275542
,,,,,, skip in j dimension weather_description
pressure, clouds_all, train: ,0.08212809917355372, test: ,0.07585139318885449
pressure, temp_f, train: ,0.09349173553719008, test: ,0.11145510835913312
pressure, pressure, train: ,0.07954545454545454, test: ,0.07430340557275542
pressure, humidity, train: ,0.07489669421487603, test: ,0.0804953560371517
pressure, wind_speed, train: ,0.0893595041322314, test: ,0.07585139318885449
pressure, wind_deg, train: ,0.08832644628099173, test: ,0.09907120743034056
pressure, rain_1h, train: ,0.08367768595041322, test: ,0.0804953560371517
pressure, snow_1h, train: ,0.07954545454545454, test: ,0.07430340557275542
,,,,,, skip in j dimension weather_main
pressure, hour, train: ,0.09504132231404959, test: ,0.08513931888544891
pressure, day_of_year, train: ,0.09090909090909091, test: ,0.0913312693498452
pressure, month, train: ,0.08832644628099173, test: ,0.08823529411764706
pressure, sin_day, train: ,0.08471074380165289, test: ,0.08823529411764706
pressure, cos_day, train: ,0.09039256198347108, test: ,0.08668730650154799
pressure, sin_hour, train: ,0.08471074380165289, test: ,0.06346749226006192
pressure, cos_hour, train: ,0.09142561983471074, test: ,0.08204334365325078
pressure, sin_month, train: ,0.08832644628099173, test: ,0.08823529411764706
pressure, cos_month, train: ,0.08729338842975207, test: ,0.07894736842105263
,,,,,, skip in j dimension date_time
humidity, power_delivered, train: ,0.09245867768595041, test: ,0.07120743034055728
humidity, energy_delivered, train: ,0.09245867768595041, test: ,0.07275541795665634
humidity, cumulative_energy, train: ,0.08057851239669421, test: ,0.06656346749226007
,,,,,, skip in j dimension weather_description
humidity, clouds_all, train: ,0.08729338842975207, test: ,0.08359133126934984
humidity, temp_f, train: ,0.1012396694214876, test: ,0.08668730650154799
humidity, pressure, train: ,0.08057851239669421, test: ,0.06656346749226007
humidity, humidity, train: ,0.14927685950413222, test: ,0.1563467492260062
humidity, wind_speed, train: ,0.08161157024793389, test: ,0.07894736842105263
humidity, wind_deg, train: ,0.08419421487603305, test: ,0.07275541795665634
humidity, rain_1h, train: ,0.08057851239669421, test: ,0.06656346749226007
humidity, snow_1h, train: ,0.08057851239669421, test: ,0.06656346749226007
,,,,,, skip in j dimension weather_main
humidity, hour, train: ,0.07747933884297521, test: ,0.06346749226006192
humidity, day_of_year, train: ,0.08006198347107438, test: ,0.07739938080495357
humidity, month, train: ,0.08264462809917356, test: ,0.06811145510835913
humidity, sin_day, train: ,0.08522727272727272, test: ,0.0804953560371517
humidity, cos_day, train: ,0.08471074380165289, test: ,0.06346749226006192
humidity, sin_hour, train: ,0.08574380165289257, test: ,0.05727554179566564
humidity, cos_hour, train: ,0.08057851239669421, test: ,0.06656346749226007
humidity, sin_month, train: ,0.09039256198347108, test: ,0.08823529411764706
humidity, cos_month, train: ,0.08367768595041322, test: ,0.06501547987616099
,,,,,, skip in j dimension date_time
wind_speed, power_delivered, train: ,0.25413223140495866, test: ,0.24613003095975233
wind_speed, energy_delivered, train: ,0.2809917355371901, test: ,0.29566563467492263
wind_speed, cumulative_energy, train: ,0.28512396694214875, test: ,0.28328173374613
,,,,,, skip in j dimension weather_description
wind_speed, clouds_all, train: ,0.28615702479338845, test: ,0.26006191950464397
wind_speed, temp_f, train: ,0.28512396694214875, test: ,0.28328173374613
wind_speed, pressure, train: ,0.28512396694214875, test: ,0.28328173374613
wind_speed, humidity, train: ,0.28512396694214875, test: ,0.28328173374613
wind_speed, wind_speed, train: ,0.46229338842975204, test: ,0.44891640866873067
wind_speed, wind_deg, train: ,0.28512396694214875, test: ,0.28328173374613
wind_speed, rain_1h, train: ,0.2882231404958678, test: ,0.28328173374613
wind_speed, snow_1h, train: ,0.28512396694214875, test: ,0.28328173374613
,,,,,, skip in j dimension weather_main
wind_speed, hour, train: ,0.28512396694214875, test: ,0.28328173374613
wind_speed, day_of_year, train: ,0.28512396694214875, test: ,0.28328173374613
wind_speed, month, train: ,0.28512396694214875, test: ,0.28328173374613
wind_speed, sin_day, train: ,0.28512396694214875, test: ,0.28328173374613
wind_speed, cos_day, train: ,0.28512396694214875, test: ,0.28328173374613
wind_speed, sin_hour, train: ,0.28512396694214875, test: ,0.28328173374613
wind_speed, cos_hour, train: ,0.28047520661157027, test: ,0.2770897832817337
wind_speed, sin_month, train: ,0.28512396694214875, test: ,0.28328173374613
wind_speed, cos_month, train: ,0.28512396694214875, test: ,0.28328173374613
,,,,,, skip in j dimension date_time
wind_deg, power_delivered, train: ,0.038223140495867766, test: ,0.03715170278637771
wind_deg, energy_delivered, train: ,0.05010330578512397, test: ,0.04179566563467492
wind_deg, cumulative_energy, train: ,0.040289256198347105, test: ,0.04179566563467492
,,,,,, skip in j dimension weather_description
wind_deg, clouds_all, train: ,0.0506198347107438, test: ,0.03715170278637771
wind_deg, temp_f, train: ,0.0490702479338843, test: ,0.05263157894736842
wind_deg, pressure, train: ,0.040289256198347105, test: ,0.04179566563467492
wind_deg, humidity, train: ,0.04803719008264463, test: ,0.05263157894736842
wind_deg, wind_speed, train: ,0.04390495867768595, test: ,0.030959752321981424
wind_deg, wind_deg, train: ,0.1518595041322314, test: ,0.15479876160990713
wind_deg, rain_1h, train: ,0.05010330578512397, test: ,0.04179566563467492
wind_deg, snow_1h, train: ,0.040289256198347105, test: ,0.04179566563467492
,,,,,, skip in j dimension weather_main
wind_deg, hour, train: ,0.04132231404958678, test: ,0.03715170278637771
wind_deg, day_of_year, train: ,0.045454545454545456, test: ,0.043343653250773995
wind_deg, month, train: ,0.04700413223140496, test: ,0.04179566563467492
wind_deg, sin_day, train: ,0.052169421487603305, test: ,0.04643962848297214

wind_deg, cos_day, train: ,0.04493801652892562, test: ,0.04179566563467492
wind_deg, sin_hour, train: ,0.042355371900826444, test: ,0.034055727554179564
wind_deg, cos_hour, train: ,0.047520661157024795, test: ,0.034055727554179564
wind_deg, sin_month, train: ,0.05371900826446281, test: ,0.043343653250773995
wind_deg, cos_month, train: ,0.04493801652892562, test: ,0.04024767801857585
,,,,,, skip in j dimension date_time
,,,,,, skip in j dimension power_delivered
,,,,,, skip in j dimension energy_delivered
,,,,,, skip in j dimension cumulative_energy
,,,,,, skip in j dimension weather_description
,,,,,, skip in j dimension clouds_all
,,,,,, skip in j dimension temp_f
,,,,,, skip in j dimension pressure
,,,,,, skip in j dimension humidity
,,,,,, skip in j dimension wind_speed
,,,,,, skip in j dimension wind_deg
,,,,,, skip in j dimension rain_1h
,,,,,, skip in j dimension snow_1h
,,,,,, skip in j dimension weather_main
,,,,,, skip in j dimension hour
,,,,,, skip in j dimension day_of_year
,,,,,, skip in j dimension month
,,,,,, skip in j dimension sin_day
,,,,,, skip in j dimension cos_day
,,,,,, skip in j dimension sin_hour
,,,,,, skip in j dimension cos_hour
,,,,,, skip in j dimension sin_month
,,,,,, skip in j dimension cos_month
,,,,,, skip in j dimension date_time
,,,,,, skip in j dimension power_delivered
,,,,,, skip in j dimension energy_delivered
,,,,,, skip in j dimension cumulative_energy
,,,,,, skip in j dimension weather_description
,,,,,, skip in j dimension clouds_all
,,,,,, skip in j dimension temp_f
,,,,,, skip in j dimension pressure
,,,,,, skip in j dimension humidity
,,,,,, skip in j dimension wind_speed
,,,,,, skip in j dimension wind_deg
,,,,,, skip in j dimension rain_1h
,,,,,, skip in j dimension snow_1h
,,,,,, skip in j dimension weather_main
,,,,,, skip in j dimension hour
,,,,,, skip in j dimension day_of_year
,,,,,, skip in j dimension month
,,,,,, skip in j dimension sin_day
,,,,,, skip in j dimension cos_day
,,,,,, skip in j dimension sin_hour
,,,,,, skip in j dimension cos_hour
,,,,,, skip in j dimension sin_month
,,,,,, skip in j dimension cos_month
,,,,,, skip in j dimension date_time
weather_main, power_delivered, train: ,0.4452479338842975, test: ,0.43962848297213625
weather_main, energy_delivered, train: ,0.4452479338842975, test: ,0.43498452012383904
weather_main, cumulative_energy, train: ,0.38326446280991733, test: ,0.38854489164086686
,,,,,, skip in j dimension weather_description
weather_main, clouds_all, train: ,0.6926652892561983, test: ,0.6702786377708978
weather_main, temp_f, train: ,0.40960743801652894, test: ,0.38854489164086686
weather_main, pressure, train: ,0.38326446280991733, test: ,0.38854489164086686
weather_main, humidity, train: ,0.45764462809917356, test: ,0.48606811145510836
weather_main, wind_speed, train: ,0.44834710743801653, test: ,0.4582043343653251
weather_main, wind_deg, train: ,0.37706611570247933, test: ,0.3622291021671827
weather_main, rain_1h, train: ,0.5826446280991735, test: ,0.6021671826625387
weather_main, snow_1h, train: ,0.38326446280991733, test: ,0.38854489164086686
,,,,,, skip in j dimension weather_main
weather_main, hour, train: ,0.44989669421487605, test: ,0.44272445820433437
weather_main, day_of_year, train: ,0.37964876033057854, test: ,0.3498452012383901
weather_main, month, train: ,0.3853305785123967, test: ,0.38699690402476783
weather_main, sin_day, train: ,0.3853305785123967, test: ,0.34829721362229105
weather_main, cos_day, train: ,0.3837809917355372, test: ,0.369969040247678
weather_main, sin_hour, train: ,0.3982438016528926, test: ,0.4071207430340557
weather_main, cos_hour, train: ,0.45454545454545453, test: ,0.44272445820433437
weather_main, sin_month, train: ,0.3853305785123967, test: ,0.38699690402476783
weather_main, cos_month, train: ,0.38326446280991733, test: ,0.38854489164086686
,,,,,, skip in j dimension date_time
hour, power_delivered, train: ,0.12861570247933884, test: ,0.1021671826625387
hour, energy_delivered, train: ,0.1859504132231405, test: ,0.15170278637770898
hour, cumulative_energy, train: ,0.04493801652892562, test: ,0.032507739938080496
,,,,,, skip in j dimension weather_description
hour, clouds_all, train: ,0.06198347107438017, test: ,0.043343653250773995
hour, temp_f, train: ,0.07076446280991736, test: ,0.04643962848297214
hour, pressure, train: ,0.04493801652892562, test: ,0.032507739938080496
hour, humidity, train: ,0.08057851239669421, test: ,0.058823529411764705
hour, wind_speed, train: ,0.07076446280991736, test: ,0.05108359133126935
hour, wind_deg, train: ,0.05010330578512397, test: ,0.04489164086687306
hour, rain_1h, train: ,0.04648760330578512, test: ,0.032507739938080496
hour, snow_1h, train: ,0.04493801652892562, test: ,0.032507739938080496
,,,,,, skip in j dimension weather_main
hour, hour, train: ,0.38171487603305787, test: ,0.3560371517027864
hour, day_of_year, train: ,0.04648760330578512, test: ,0.02631578947368421
hour, month, train: ,0.04493801652892562, test: ,0.030959752321981424
hour, sin_day, train: ,0.04493801652892562, test: ,0.030959752321981424
hour, cos_day, train: ,0.04648760330578512, test: ,0.02631578947368421
hour, sin_hour, train: ,0.2959710743801653, test: ,0.28173374613003094
hour, cos_hour, train: ,0.4684917355371901, test: ,0.42569659442724456
hour, sin_month, train: ,0.04493801652892562, test: ,0.030959752321981424
hour, cos_month, train: ,0.04803719008264463, test: ,0.02321981424148607
,,,,,, skip in j dimension date_time
day_of_year, power_delivered, train: ,0.012913223140495868, test: ,0.0030959752321981426
day_of_year, energy_delivered, train: ,0.015495867768595042, test: ,0.0030959752321981426
day_of_year, cumulative_energy, train: ,0.01084710743801653, test: ,0.0046439628482972135
,,,,,, skip in j dimension weather_description
day_of_year, clouds_all, train: ,0.019111570247933883, test: ,0.007739938080495356
day_of_year, temp_f, train: ,0.021177685950413222, test: ,0.009287925696594427
day_of_year, pressure, train: ,0.011363636363636364, test: ,0.0030959752321981426
day_of_year, humidity, train: ,0.02169421487603306, test: ,0.007739938080495356
day_of_year, wind_speed, train: ,0.02169421487603306, test: ,0.01393188854489164
day_of_year, wind_deg, train: ,0.035640495867768594, test: ,0.009287925696594427
day_of_year, rain_1h, train: ,0.017045454545454544, test: ,0.0046439628482972135
day_of_year, snow_1h, train: ,0.011363636363636364, test: ,0.0030959752321981426
,,,,,, skip in j dimension weather_main
day_of_year, hour, train: ,0.012396694214876033, test: ,0.0
day_of_year, day_of_year, train: ,0.03254132231404959, test: ,0.01393188854489164
day_of_year, month, train: ,0.03254132231404959, test: ,0.01393188854489164
day_of_year, sin_day, train: ,0.03254132231404959, test: ,0.01393188854489164
day_of_year, cos_day, train: ,0.03305785123966942, test: ,0.01238390092879257
day_of_year, sin_hour, train: ,0.012396694214876033, test: ,0.0
day_of_year, cos_hour, train: ,0.011880165289256199, test: ,0.0015479876160990713
day_of_year, sin_month, train: ,0.04390495867768595, test: ,0.017027863777089782
day_of_year, cos_month, train: ,0.02221074380165289, test: ,0.007739938080495356
,,,,,, skip in j dimension date_time
month, power_delivered, train: ,0.30010330578512395, test: ,0.29411764705882354
month, energy_delivered, train: ,0.3047520661157025, test: ,0.29876160990712075
month, cumulative_energy, train: ,0.2902892561983471, test: ,0.2801857585139319
,,,,,, skip in j dimension weather_description
month, clouds_all, train: ,0.31456611570247933, test: ,0.3653250773993808
month, temp_f, train: ,0.5036157024793388, test: ,0.5185758513931888
month, pressure, train: ,0.2902892561983471, test: ,0.2801857585139319
month, humidity, train: ,0.32231404958677684, test: ,0.30340557275541796
month, wind_speed, train: ,0.30113636363636365, test: ,0.33746130030959753
month, wind_deg, train: ,0.31921487603305787, test: ,0.30495356037151705
month, rain_1h, train: ,0.2964876033057851, test: ,0.2894736842105263
month, snow_1h, train: ,0.2902892561983471, test: ,0.2801857585139319
,,,,,, skip in j dimension weather_main
month, hour, train: ,0.29545454545454547, test: ,0.2647058823529412
month, day_of_year, train: ,0.7319214876033058, test: ,0.739938080495356
month, month, train: ,0.8502066115702479, test: ,0.868421052631579
month, sin_day, train: ,0.7587809917355371, test: ,0.7708978328173375
month, cos_day, train: ,0.5614669421487604, test: ,0.5619195046439629
month, sin_hour, train: ,0.2944214876033058, test: ,0.25696594427244585
month, cos_hour, train: ,0.2964876033057851, test: ,0.26160990712074306
month, sin_month, train: ,0.8502066115702479, test: ,0.868421052631579
month, cos_month, train: ,0.6554752066115702, test: ,0.651702786377709
,,,,,, skip in j dimension date_time
,,,,,, skip in j dimension power_delivered
,,,,,, skip in j dimension energy_delivered
,,,,,, skip in j dimension cumulative_energy
,,,,,, skip in j dimension weather_description
,,,,,, skip in j dimension clouds_all
,,,,,, skip in j dimension temp_f
,,,,,, skip in j dimension pressure
,,,,,, skip in j dimension humidity
,,,,,, skip in j dimension wind_speed
,,,,,, skip in j dimension wind_deg
,,,,,, skip in j dimension rain_1h
,,,,,, skip in j dimension snow_1h
,,,,,, skip in j dimension weather_main
,,,,,, skip in j dimension hour
,,,,,, skip in j dimension day_of_year
,,,,,, skip in j dimension month
,,,,,, skip in j dimension sin_day
,,,,,, skip in j dimension cos_day
,,,,,, skip in j dimension sin_hour
,,,,,, skip in j dimension cos_hour
,,,,,, skip in j dimension sin_month
,,,,,, skip in j dimension cos_month
,,,,,, skip in j dimension date_time
,,,,,, skip in j dimension power_delivered
,,,,,, skip in j dimension energy_delivered
,,,,,, skip in j dimension cumulative_energy
,,,,,, skip in j dimension weather_description
,,,,,, skip in j dimension clouds_all
,,,,,, skip in j dimension temp_f
,,,,,, skip in j dimension pressure
,,,,,, skip in j dimension humidity
,,,,,, skip in j dimension wind_speed
,,,,,, skip in j dimension wind_deg
,,,,,, skip in j dimension rain_1h
,,,,,, skip in j dimension snow_1h
,,,,,, skip in j dimension weather_main
,,,,,, skip in j dimension hour
,,,,,, skip in j dimension day_of_year
,,,,,, skip in j dimension month
,,,,,, skip in j dimension sin_day
,,,,,, skip in j dimension cos_day
,,,,,, skip in j dimension sin_hour
,,,,,, skip in j dimension cos_hour
,,,,,, skip in j dimension sin_month
,,,,,, skip in j dimension cos_month
,,,,,, skip in j dimension date_time
,,,,,, skip in j dimension power_delivered
,,,,,, skip in j dimension energy_delivered
,,,,,, skip in j dimension cumulative_energy
,,,,,, skip in j dimension weather_description
,,,,,, skip in j dimension clouds_all
,,,,,, skip in j dimension temp_f
,,,,,, skip in j dimension pressure
,,,,,, skip in j dimension humidity
,,,,,, skip in j dimension wind_speed
,,,,,, skip in j dimension wind_deg
,,,,,, skip in j dimension rain_1h
,,,,,, skip in j dimension snow_1h
,,,,,, skip in j dimension weather_main
,,,,,, skip in j dimension hour
,,,,,, skip in j dimension day_of_year
,,,,,, skip in j dimension month
,,,,,, skip in j dimension sin_day
,,,,,, skip in j dimension cos_day
,,,,,, skip in j dimension sin_hour
,,,,,, skip in j dimension cos_hour
,,,,,, skip in j dimension sin_month
,,,,,, skip in j dimension cos_month
,,,,,, skip in j dimension date_time
,,,,,, skip in j dimension power_delivered
,,,,,, skip in j dimension energy_delivered
,,,,,, skip in j dimension cumulative_energy
,,,,,, skip in j dimension weather_description
,,,,,, skip in j dimension clouds_all
,,,,,, skip in j dimension temp_f
,,,,,, skip in j dimension pressure
,,,,,, skip in j dimension humidity
,,,,,, skip in j dimension wind_speed
,,,,,, skip in j dimension wind_deg
,,,,,, skip in j dimension rain_1h
,,,,,, skip in j dimension snow_1h
,,,,,, skip in j dimension weather_main
,,,,,, skip in j dimension hour
,,,,,, skip in j dimension day_of_year
,,,,,, skip in j dimension month
,,,,,, skip in j dimension sin_day
,,,,,, skip in j dimension cos_day
,,,,,, skip in j dimension sin_hour
,,,,,, skip in j dimension cos_hour
,,,,,, skip in j dimension sin_month
,,,,,, skip in j dimension cos_month
,,,,,, skip in j dimension date_time
,,,,,, skip in j dimension power_delivered
,,,,,, skip in j dimension energy_delivered
,,,,,, skip in j dimension cumulative_energy
,,,,,, skip in j dimension weather_description
,,,,,, skip in j dimension clouds_all
,,,,,, skip in j dimension temp_f
,,,,,, skip in j dimension pressure
,,,,,, skip in j dimension humidity
,,,,,, skip in j dimension wind_speed
,,,,,, skip in j dimension wind_deg
,,,,,, skip in j dimension rain_1h
,,,,,, skip in j dimension snow_1h
,,,,,, skip in j dimension weather_main
,,,,,, skip in j dimension hour
,,,,,, skip in j dimension day_of_year
,,,,,, skip in j dimension month
,,,,,, skip in j dimension sin_day
,,,,,, skip in j dimension cos_day
,,,,,, skip in j dimension sin_hour
,,,,,, skip in j dimension cos_hour
,,,,,, skip in j dimension sin_month
,,,,,, skip in j dimension cos_month
,,,,,, skip in j dimension date_time
,,,,,, skip in j dimension power_delivered
,,,,,, skip in j dimension energy_delivered
,,,,,, skip in j dimension cumulative_energy
,,,,,, skip in j dimension weather_description
,,,,,, skip in j dimension clouds_all
,,,,,, skip in j dimension temp_f
,,,,,, skip in j dimension pressure
,,,,,, skip in j dimension humidity
,,,,,, skip in j dimension wind_speed
,,,,,, skip in j dimension wind_deg
,,,,,, skip in j dimension rain_1h
,,,,,, skip in j dimension snow_1h
,,,,,, skip in j dimension weather_main
,,,,,, skip in j dimension hour
,,,,,, skip in j dimension day_of_year
,,,,,, skip in j dimension month
,,,,,, skip in j dimension sin_day
,,,,,, skip in j dimension cos_day
,,,,,, skip in j dimension sin_hour
,,,,,, skip in j dimension cos_hour
,,,,,, skip in j dimension sin_month
,,,,,, skip in j dimension cos_month